address,city_state_zip,bedsize,bathsize,price,co_owners,monthly_cost,savings,gallery_url
171 Ledyard St,"San Francisco, CA, 94124",2,1,599000,2,1124,6500,http://mlax.rapmls.com/Gallery.aspx?mls=SFAR&listingRid=324079
135 Farallones St,"San Francisco, CA, 94112",2,1,648000,2,1216,7031,http://mlax.rapmls.com/Gallery.aspx?mls=SFAR&listingRid=324095
8300 Oceanview Ter #205,"San Francisco, CA, 94132",2,2,695000,2,1304,7541,http://mlax.rapmls.com/Gallery.aspx?mls=SFAR&listingRid=324154
900 Somerset St,"San Francisco, CA, 94134",2,1,699000,2,1311,7585,http://mlax.rapmls.com/Gallery.aspx?mls=SFAR&listingRid=324100
601 Van Ness Ave #525,"San Francisco, CA, 94102",2,2,797000,2,1495,8648,http://mlax.rapmls.com/Gallery.aspx?mls=SFAR&listingRid=324066
2189 Market St #7,"San Francisco, CA, 94114",2,1,799000,2,1499,8670,http://mlax.rapmls.com/Gallery.aspx?mls=SFAR&listingRid=324089
2 Colby St,"San Francisco, CA, 94134",2,1,799000,2,1499,8670,http://mlax.rapmls.com/Gallery.aspx?mls=SFAR&listingRid=324054
2317 31st Ave,"San Francisco, CA, 94116",2,1,873000,2,1638,9473,http://mlax.rapmls.com/Gallery.aspx?mls=SFAR&listingRid=324044
5 Sunview Dr,"San Francisco, CA, 94131",2,1,895000,2,1679,9711,http://mlax.rapmls.com/Gallery.aspx?mls=SFAR&listingRid=324085
747 Lyon St #2,"San Francisco, CA, 94115",2,1,935000,2,1754,10145,http://mlax.rapmls.com/Gallery.aspx?mls=SFAR&listingRid=323493
274 Athens St,"San Francisco, CA, 94112",2,2,979000,2,1836,10623,http://mlax.rapmls.com/Gallery.aspx?mls=SFAR&listingRid=324041
1117 Alabama St #A,"San Francisco, CA, 94110",2,1,998000,2,1872,10829,http://mlax.rapmls.com/Gallery.aspx?mls=SFAR&listingRid=324139
259 Clara St #401,"San Francisco, CA, 94107",2,2,999999,2,1876,10851,http://mlax.rapmls.com/Gallery.aspx?mls=SFAR&listingRid=324027
250 King St #474,"San Francisco, CA, 94107",2,1.5,1049000,2,1968,11382,http://mlax.rapmls.com/Gallery.aspx?mls=SFAR&listingRid=324034
132 Collins St,"San Francisco, CA, 94118",2,1,1095000,2,2054,11882,https://app.realtaasa.com/homes/property/CA/San-Francisco/132-Collins-St-94118-3401/ae35a7f703f1b7f424f3
68 Harriet St #13,"San Francisco, CA, 94103",2,2.5,1099000,2,2062,11925,http://mlax.rapmls.com/Gallery.aspx?mls=SFAR&listingRid=324011
170 King St #711,"San Francisco, CA, 94107",2,2,1150000,2,2157,12478,http://mlax.rapmls.com/Gallery.aspx?mls=SFAR&listingRid=324090
235 Berry #704,"San Francisco, CA, 94158",2,2,1195000,2,2242,12967,TBD
300 Berry St #1210,"San Francisco, CA, 94158",2,1,1195000,2,2242,12967,http://mlax.rapmls.com/Gallery.aspx?mls=SFAR&listingRid=324025
645 Texas St #315,"San Francisco, CA, 94107",2,2,1205000,2,2260,13075,http://mlax.rapmls.com/Gallery.aspx?mls=SFAR&listingRid=324096
174 Connecticut St #3,"San Francisco, CA, 94107",2,3,1249000,2,2343,13553,http://mlax.rapmls.com/Gallery.aspx?mls=SFAR&listingRid=324087
2609-2615 Bryant St,"San Francisco, CA, 94110",2,1,1275000,2,2392,13835,http://mlax.rapmls.com/Gallery.aspx?mls=SFAR&listingRid=324105
645 Texas #402,"San Francisco, CA, 94107",2,2,1290000,2,2420,13998,TBD
666 Cayuga Ave,"San Francisco, CA, 94112",2,2,1295000,2,2429,14052,http://mlax.rapmls.com/Gallery.aspx?mls=SFAR&listingRid=324023
2040 Sutter St #301,"San Francisco, CA, 94115",2,2,1348000,2,2529,14627,http://mlax.rapmls.com/Gallery.aspx?mls=SFAR&listingRid=324161
120-124 Varennes St,"San Francisco, CA, 94133",2,1,1380000,2,2589,14974,http://mlax.rapmls.com/Gallery.aspx?mls=SFAR&listingRid=324046
255 Berry St #516,"San Francisco, CA, 94158",2,2,1475000,2,2767,16005,http://mlax.rapmls.com/Gallery.aspx?mls=SFAR&listingRid=323672
1141 Church St,"San Francisco, CA, 94114",2,2,1649000,2,3093,17893,http://mlax.rapmls.com/Gallery.aspx?mls=SFAR&listingRid=324155
338 Main St #D16G,"San Francisco, CA, 94105",2,2,1675000,2,3142,18175,http://mlax.rapmls.com/Gallery.aspx?mls=SFAR&listingRid=324004
225 9th St,"San Francisco, CA, 94103",2,2,1699000,2,3187,18435,http://mlax.rapmls.com/Gallery.aspx?mls=SFAR&listingRid=324129
2724-2728 22nd St,"San Francisco, CA, 94110",2,2,2295000,2,4305,24903,http://mlax.rapmls.com/Gallery.aspx?mls=SFAR&listingRid=324097
238 Evelyn Way,"San Francisco, CA, 94127",3,1,799000,3,999,5780,http://mlax.rapmls.com/Gallery.aspx?mls=SFAR&listingRid=324112
790 Naples St,"San Francisco, CA, 94112",3,2,899000,3,1124,6503,http://mlax.rapmls.com/Gallery.aspx?mls=SFAR&listingRid=324123
2574 44th Ave,"San Francisco, CA, 94116",3,1,900000,3,1126,6510,http://mlax.rapmls.com/Gallery.aspx?mls=SFAR&listingRid=324150
1675 29th Ave,"San Francisco, CA, 94122",3,1.25,995000,3,1244,7198,http://mlax.rapmls.com/Gallery.aspx?mls=SFAR&listingRid=324038
622 38th Ave,"San Francisco, CA, 94121",3,2,999000,3,1249,7227,http://mlax.rapmls.com/Gallery.aspx?mls=SFAR&listingRid=324125
165 Vasquez Ave,"San Francisco, CA, 94127",3,1.25,1050000,3,1313,7596,http://mlax.rapmls.com/Gallery.aspx?mls=SFAR&listingRid=324053
476 Joost Ave,"San Francisco, CA, 94127",3,2,1075000,3,1344,7776,http://mlax.rapmls.com/Gallery.aspx?mls=SFAR&listingRid=324179
594 Lisbon St,"San Francisco, CA, 94112",3,2.5,1088000,3,1361,7870,http://mlax.rapmls.com/Gallery.aspx?mls=SFAR&listingRid=324065
4036 Moraga St,"San Francisco, CA, 94122",3,2.5,1188000,3,1486,8594,http://mlax.rapmls.com/Gallery.aspx?mls=SFAR&listingRid=32407
126 Monterey Blvd,"San Francisco, CA, 94131",3,2,1198000,3,1498,8666,http://mlax.rapmls.com/Gallery.aspx?mls=SFAR&listingRid=324098
1671 Church St,"San Francisco, CA, 94131",3,2.5,1225000,3,1532,8861,http://mlax.rapmls.com/Gallery.aspx?mls=SFAR&listingRid=32400
2527 33rd Ave,"San Francisco, CA, 94116",3,2,1279000,3,1599,9252,http://mlax.rapmls.com/Gallery.aspx?mls=SFAR&listingRid=324052
2722 Irving St,"San Francisco, CA, 94122",3,2.5,1349000,3,1687,9758,http://mlax.rapmls.com/Gallery.aspx?mls=SFAR&listingRid=32414
571 20th Ave,"San Francisco, CA, 94121",3,2,1388000,3,1736,10041,http://mlax.rapmls.com/Gallery.aspx?mls=SFAR&listingRid=32406
638 19th St #4,"San Francisco, CA, 94107",3,2,1395000,3,1745,10091,http://mlax.rapmls.com/Gallery.aspx?mls=SFAR&listingRid=32402
229 Stanyan St,"San Francisco, CA, 94118",3,2.5,1399000,3,1750,10120,http://mlax.rapmls.com/Gallery.aspx?mls=SFAR&listingRid=32401
1714 8th Ave,"San Francisco, CA, 94122",3,2.5,1469000,3,1837,10627,http://mlax.rapmls.com/Gallery.aspx?mls=SFAR&listingRid=324082
955 Leavenworth,"San Francisco, CA, 94109",3,2,1549000,3,1937,11205,http://mlax.rapmls.com/Gallery.aspx?mls=SFAR&listingRid=324116
20 Wright St,"San Francisco, CA, 94110",3,2,1795000,3,2245,12985,http://mlax.rapmls.com/Gallery.aspx?mls=SFAR&listingRid=324039
187 Brompton Ave,"San Francisco, CA, 94131",3,2.25,1795000,3,2245,12985,http://mlax.rapmls.com/Gallery.aspx?mls=SFAR&listingRid=324075
2405 Folsom St #4,"San Francisco, CA, 94110",3,3.5,1899000,3,2375,13737,http://mlax.rapmls.com/Gallery.aspx?mls=SFAR&listingRid=324016
2405 Folsom St #6,"San Francisco, CA, 94110",3,3.5,1949000,3,2437,14099,http://mlax.rapmls.com/Gallery.aspx?mls=SFAR&listingRid=32395
225 Laguna St,"San Francisco, CA, 94102",3,2.5,2395000,3,2995,17325,http://mlax.rapmls.com/Gallery.aspx?mls=SFAR&listingRid=324142
425 1st St #2902,"San Francisco, CA, 94105",3,3,2985000,3,3733,21593,http://mlax.rapmls.com/Gallery.aspx?mls=SFAR&listingRid=324086
2230 Bush St,"San Francisco, CA, 94115",3,3,4995000,3,6247,36133,http://mlax.rapmls.com/Gallery.aspx?mls=SFAR&listingRid=324143
190 Mary Teresa St #2,"San Francisco, CA, 94134",4,2,1099000,4,1031,5963,http://mlax.rapmls.com/Gallery.aspx?mls=SFAR&listingRid=324108
541 Orizaba Ave,"San Francisco, CA, 94132",4,3,1199000,4,1125,6505,http://mlax.rapmls.com/Gallery.aspx?mls=SFAR&listingRid=324030541
456 Los Palmos Dr,"San Francisco, CA, 94127",4,4,1299000,4,1218,7048,http://mlax.rapmls.com/Gallery.aspx?mls=SFAR&listingRid=324048
64 Mercedes Way,"San Francisco, CA, 94127",4,3.5,1895000,4,1777,10281,http://mlax.rapmls.com/Gallery.aspx?mls=SFAR&listingRid=324045
2855 Jackson St #102,"San Francisco, CA, 94115",4,2.5,2200000,4,2063,11936,http://mlax.rapmls.com/Gallery.aspx?mls=SFAR&listingRid=324006
3835-3837 26th St,"San Francisco, CA, 94131",4,2,2649000,4,2485,14372,http://mlax.rapmls.com/Gallery.aspx?mls=SFAR&listingRid=324126
407 Connecticut St,"San Francisco, CA, 94107",4,3.5,3195000,4,2997,17334,http://mlax.rapmls.com/Gallery.aspx?mls=SFAR&listingRid=324091
1661 Beach St,"San Francisco, CA, 94123",4,3,3195000,4,2997,17334,http://mlax.rapmls.com/Gallery.aspx?mls=SFAR&listingRid=32414
1644 Diamond,"San Francisco, CA, 94131",4,4.5,3895000,4,3653,21132,http://mlax.rapmls.com/Gallery.aspx?mls=SFAR&listingRid=32401
537 Laidley St,"San Francisco, CA, 94131",4,4,4085000,4,3831,22163,http://mlax.rapmls.com/Gallery.aspx?mls=SFAR&listingRid=324068
2838 Sacramento St,"San Francisco, CA, 94115",4,4,5795000,4,5435,31440,http://mlax.rapmls.com/Gallery.aspx?mls=SFAR&listingRid=324036
2440 Filbert St,"San Francisco, CA, 94123",4,3.5,5995000,4,5623,32525,http://mlax.rapmls.com/Gallery.aspx?mls=SFAR&listingRid=324071
1543 23rd Ave,"San Francisco, CA, 94122",5,3,1299999,5,975,5642,http://mlax.rapmls.com/Gallery.aspx?mls=SFAR&listingRid=32410
206 Bosworth St,"San Francisco, CA, 94112",5,4,2095000,5,1572,9093,http://mlax.rapmls.com/Gallery.aspx?mls=SFAR&listingRid=32405
86 Ord St,"San Francisco, CA, 94114",5,4,4795000,5,3598,20812,http://mlax.rapmls.com/Gallery.aspx?mls=SFAR&listingRid=32407
16 West Clay St,"San Francisco, CA, 94121",6,4.5,6495000,6,4061,23492,http://mlax.rapmls.com/Gallery.aspx?mls=SFAR&listingRid=32408
6 Nottingham Pl,"San Francisco, CA, 94133",9,4,2388888,9,996,5760,http://mlax.rapmls.com/Gallery.aspx?mls=SFAR&listingRid=324074
12 Garnett Ter,"San Francisco, CA, 94124",2,1,249811,2,469,2711,http://mlax.rapmls.com/Gallery.aspx?mls=SFAR&listingRid=32165
451 Kansas St #328,"San Francisco, CA, 94107",2,2,311231,2,584,3377,http://mlax.rapmls.com/Gallery.aspx?mls=SFAR&listingRid=320492
3912-3914 Cesar Chavez St,"San Francisco, CA, 94131",2,1,1695000,2,604,3850,http://mlax.rapmls.com/Gallery.aspx?mls=SFAR&listingRid=318397
55 Ora Way #308B,"San Francisco, CA, 94131",2,1,341794,2,641,3709,http://mlax.rapmls.com/Gallery.aspx?mls=SFAR&listingRid=321543
888 7th St #207,"San Francisco, CA, 94107",2,1,357001,2,670,3874,http://mlax.rapmls.com/Gallery.aspx?mls=SFAR&listingRid=319240
41 Kiska Rd,"San Francisco, CA, 94124",2,2,375623,2,705,4076,http://mlax.rapmls.com/Gallery.aspx?mls=SFAR&listingRid=32114
2916 Arelious Walker Dr #6,"San Francisco, CA, 94124",2,1,447313,2,839,4854,http://mlax.rapmls.com/Gallery.aspx?mls=SFAR&listingRid=321677
855 Folsom St #342,"San Francisco, CA, 94107",2,1,466125,2,874,5058,http://mlax.rapmls.com/Gallery.aspx?mls=SFAR&listingRid=321405
270 Valencia St #401,"San Francisco, CA, 94103",2,1,482825,2,906,5239,http://mlax.rapmls.com/Gallery.aspx?mls=SFAR&listingRid=320952
126 Dolphin Ct,"San Francisco, CA, 94124",2,1,489000,2,917,5306,http://mlax.rapmls.com/Gallery.aspx?mls=SFAR&listingRid=320096
1335 Laguna St #6,"San Francisco, CA, 94115",2,1,499000,2,936,5415,http://mlax.rapmls.com/Gallery.aspx?mls=SFAR&listingRid=321679
218 Grafton Ave,"San Francisco, CA, 94112",2,1,499000,2,936,5415,http://mlax.rapmls.com/Gallery.aspx?mls=SFAR&listingRid=321932
212 Howth St,"San Francisco, CA, 94112",2,1,499000,2,936,5415,http://mlax.rapmls.com/Gallery.aspx?mls=SFAR&listingRid=318552
28 Redondo St,"San Francisco, CA, 94124",2,2,499000,2,936,5415,http://mlax.rapmls.com/Gallery.aspx?mls=SFAR&listingRid=318444
1676 Wallace Ave,"San Francisco, CA, 94124",2,1,500000,2,938,5425,http://mlax.rapmls.com/Gallery.aspx?mls=SFAR&listingRid=321501
205 Salinas Ave,"San Francisco, CA, 94124",2,1,529000,2,992,5740,http://mlax.rapmls.com/Gallery.aspx?mls=SFAR&listingRid=320529
239 Arleta Ave,"San Francisco, CA, 94134",2,1,529999,2,994,5751,http://mlax.rapmls.com/Gallery.aspx?mls=SFAR&listingRid=32093
1151 Plymouth Ave,"San Francisco, CA, 94112",2,1,545000,2,1022,5914,http://mlax.rapmls.com/Gallery.aspx?mls=SFAR&listingRid=321152
400 Alemany Blvd #1,"San Francisco, CA, 94110",2,1.5,575000,2,1079,6239,http://mlax.rapmls.com/Gallery.aspx?mls=SFAR&listingRid=319335
515 Delta St,"San Francisco, CA, 94134",2,1,583000,2,1094,,http://mlax.rapmls.com/Gallery.aspx?mls=SFAR&listingRid=320706
441 Rolph St,"San Francisco, CA, 94112",2,1,588000,2,1103,6380,http://mlax.rapmls.com/Gallery.aspx?mls=SFAR&listingRid=32345
350 Athens St,"San Francisco, CA, 94112",2,2.5,588000,2,1103,6380,http://mlax.rapmls.com/Gallery.aspx?mls=SFAR&listingRid=322103
5810 Mission St #304,"San Francisco, CA, 94112",2,2,589000,2,1105,6391,http://mlax.rapmls.com/Gallery.aspx?mls=SFAR&listingRid=323312
2108 Great Highway Hwy #3,"San Francisco, CA, 94116",2,1,589000,2,1105,6391,http://mlax.rapmls.com/Gallery.aspx?mls=SFAR&listingRid=320681
727 Andover St,"San Francisco, CA, 94110",2,1,595000,2,1116,6456,http://mlax.rapmls.com/Gallery.aspx?mls=SFAR&listingRid=321709
343 Stoneridge Ln #5203,"San Francisco, CA, 94134",2,2,598000,2,1122,6489,http://mlax.rapmls.com/Gallery.aspx?mls=SFAR&listingRid=320809
60 Mercury St,"San Francisco, CA, 94124",2,1,599000,2,1124,6500,http://mlax.rapmls.com/Gallery.aspx?mls=SFAR&listingRid=321340
1387 Goettingen,"San Francisco, CA, 94134",2,1,599000,2,1124,6500,http://mlax.rapmls.com/Gallery.aspx?mls=SFAR&listingRid=319811
27 Talbert St,"San Francisco, CA, 94134",2,1,599000,2,1124,6500,http://mlax.rapmls.com/Gallery.aspx?mls=SFAR&listingRid=318550
2063 41st Ave,"San Francisco, CA, 94116",2,1,599000,2,1124,6500,http://mlax.rapmls.com/Gallery.aspx?mls=SFAR&listingRid=318619
400 Alemany Blvd #19,"San Francisco, CA, 94110",2,1.5,599000,2,1124,6500,http://mlax.rapmls.com/Gallery.aspx?mls=SFAR&listingRid=318767
1436 Ingalls St,"San Francisco, CA, 94124",2,1,610000,2,1144,6619,http://mlax.rapmls.com/Gallery.aspx?mls=SFAR&listingRid=321970
218 Ordway St,"San Francisco, CA, 94134",2,1,619000,2,1161,6717,http://mlax.rapmls.com/Gallery.aspx?mls=SFAR&listingRid=321682
8200 Oceanview Ter #408,"San Francisco, CA, 94132",2,2,625000,2,1172,6782,http://mlax.rapmls.com/Gallery.aspx?mls=SFAR&listingRid=323651
130 Brazil Ave,"San Francisco, CA, 94112",2,1,625000,2,1172,6782,http://mlax.rapmls.com/Gallery.aspx?mls=SFAR&listingRid=321996
208 N Lake Merced Hls #1A,"San Francisco, CA, 94132",2,2,628000,2,1178,6814,http://mlax.rapmls.com/Gallery.aspx?mls=SFAR&listingRid=318968
3981 Alemany Blvd #110,"San Francisco, CA, 94132",2,2,629000,2,1180,6825,http://mlax.rapmls.com/Gallery.aspx?mls=SFAR&listingRid=323549
3981 Alemany Blvd #209,"San Francisco, CA, 94132",2,2,629000,2,1180,6825,http://mlax.rapmls.com/Gallery.aspx?mls=SFAR&listingRid=320125
301 Crescent Ct #3216,"San Francisco, CA, 94134",2,2,642000,2,1204,6966,http://mlax.rapmls.com/Gallery.aspx?mls=SFAR&listingRid=322716
124 Majestic Ave,"San Francisco, CA, 94112",2,1,649000,2,1217,7042,http://mlax.rapmls.com/Gallery.aspx?mls=SFAR&listingRid=320561
8100 Oceanview Ter #204,"San Francisco, CA, 94132",2,2,649000,2,1217,7042,http://mlax.rapmls.com/Gallery.aspx?mls=SFAR&listingRid=319921
20 Drake St,"San Francisco, CA, 94112",2,1,649000,2,1217,7042,http://mlax.rapmls.com/Gallery.aspx?mls=SFAR&listingRid=322676
840 Potrero Ave,"San Francisco, CA, 94110",2,1,649000,2,1217,7042,http://mlax.rapmls.com/Gallery.aspx?mls=SFAR&listingRid=31816
157 A St,"South San Francisco, CA, 94080",2,1,650000,2,1219,7053,http://mlax.rapmls.com/Gallery.aspx?mls=SFAR&listingRid=321667
501 Crescent Way #5310,"San Francisco, CA, 94134",2,2,649900,2,1219,7052,http://mlax.rapmls.com/Gallery.aspx?mls=SFAR&listingRid=318568
1211 Bowdoin St,"San Francisco, CA, 94134",2,1,660000,2,1238,7162,http://mlax.rapmls.com/Gallery.aspx?mls=SFAR&listingRid=323515
501 Crescent Way #5212,"San Francisco, CA, 94134",2,2,668000,2,1253,7248,http://mlax.rapmls.com/Gallery.aspx?mls=SFAR&listingRid=323516
301 Crescent Ct #3116,"San Francisco, CA, 94134",2,2,670000,2,1257,7270,http://mlax.rapmls.com/Gallery.aspx?mls=SFAR&listingRid=320164
162 Stoneridge Ln #1207,"San Francisco, CA, 94134",2,2,679000,2,1274,7368,http://mlax.rapmls.com/Gallery.aspx?mls=SFAR&listingRid=323470
201 Pope St,"San Francisco, CA, 94112",2,2,679000,2,1274,7368,http://mlax.rapmls.com/Gallery.aspx?mls=SFAR&listingRid=320663
98 Reddy St,"San Francisco, CA, 94124",2,1,680000,2,1276,7379,http://mlax.rapmls.com/Gallery.aspx?mls=SFAR&listingRid=321170
5800 3rd St #1407,"San Francisco, CA, 94124",2,2,688000,2,1291,7465,http://mlax.rapmls.com/Gallery.aspx?mls=SFAR&listingRid=318979
924 Dwight St,"San Francisco, CA, 94134",2,1,688888,2,1292,7475,http://mlax.rapmls.com/Gallery.aspx?mls=SFAR&listingRid=321201
1 Crescent Way #1107,"San Francisco, CA, 94134",2,2,689000,2,1292,7476,http://mlax.rapmls.com/Gallery.aspx?mls=SFAR&listingRid=318164
1435-1437 Revere Ave,"San Francisco, CA, 94124",2,1,695000,2,1304,7541,http://mlax.rapmls.com/Gallery.aspx?mls=SFAR&listingRid=323241
537 Moultrie St,"San Francisco, CA, 94110",2,1,695000,2,1304,7541,http://mlax.rapmls.com/Gallery.aspx?mls=SFAR&listingRid=323323
1914 34th Ave,"San Francisco, CA, 94116",2,1,695000,2,1304,7541,http://mlax.rapmls.com/Gallery.aspx?mls=SFAR&listingRid=320231
2414 47th Ave,"San Francisco, CA, 94116",2,1,695000,2,1304,7541,http://mlax.rapmls.com/Gallery.aspx?mls=SFAR&listingRid=318852
5122-A Diamond Heights Blvd #A,"San Francisco, CA, 94131",2,2,698000,2,1309,7574,http://mlax.rapmls.com/Gallery.aspx?mls=SFAR&listingRid=318542
131 Naglee Ave,"San Francisco, CA, 94112",2,1,699000,2,1311,7585,http://mlax.rapmls.com/Gallery.aspx?mls=SFAR&listingRid=320750
1488 Harrison St #101,"San Francisco, CA, 94103",2,2,699000,2,1311,7585,http://mlax.rapmls.com/Gallery.aspx?mls=SFAR&listingRid=321121
624 Brussels St,"San Francisco, CA, 94134",2,1,699000,2,1311,7585,http://mlax.rapmls.com/Gallery.aspx?mls=SFAR&listingRid=321336
1862 Ellis St #A,"San Francisco, CA, 94115",2,1,699000,2,1311,7585,http://mlax.rapmls.com/Gallery.aspx?mls=SFAR&listingRid=322187
574 26th Ave #2,"San Francisco, CA, 94121",2,2,699000,2,1311,7585,http://mlax.rapmls.com/Gallery.aspx?mls=SFAR&listingRid=320124
43 Winding Way,"San Francisco, CA, 94112",2,1,699000,2,1311,7585,http://mlax.rapmls.com/Gallery.aspx?mls=SFAR&listingRid=319909
954 Key Ave,"San Francisco, CA, 94124",2,1,699000,2,1311,7585,http://mlax.rapmls.com/Gallery.aspx?mls=SFAR&listingRid=319156
1285 Fitzgerald,"San Francisco, CA, 94124",2,1,699000,2,1311,7585,http://mlax.rapmls.com/Gallery.aspx?mls=SFAR&listingRid=319563
615 Sargent St,"San Francisco, CA, 94132",2,1,699000,2,1311,7585,http://mlax.rapmls.com/Gallery.aspx?mls=SFAR&listingRid=318591
287 Thrift St,"San Francisco, CA, 94112",2,2,699000,2,1311,7585,http://mlax.rapmls.com/Gallery.aspx?mls=SFAR&listingRid=318610
427 Randolph St,"San Francisco, CA, 94132",2,1.5,699000,2,1311,7585,http://mlax.rapmls.com/Gallery.aspx?mls=SFAR&listingRid=318874
323 Orizaba Ave,"San Francisco, CA, 94132",2,1,699000,2,1311,7585,http://mlax.rapmls.com/Gallery.aspx?mls=SFAR&listingRid=318305
285 Bridgeview,"San Francisco, CA, 94124",2,2,699000,2,1311,7585,http://mlax.rapmls.com/Gallery.aspx?mls=SFAR&listingRid=318295
31 Maddux Ave,"San Francisco, CA, 94124",2,1,700000,2,1313,7596,http://mlax.rapmls.com/Gallery.aspx?mls=SFAR&listingRid=323906
16 Tioga Ave,"San Francisco, CA, 94134",2,1,699999,2,1313,7596,http://mlax.rapmls.com/Gallery.aspx?mls=SFAR&listingRid=318877
227 Randolph St,"San Francisco, CA, 94132",2,1,725000,2,1360,7867,http://mlax.rapmls.com/Gallery.aspx?mls=SFAR&listingRid=318583
3431 Mission St #4,"San Francisco, CA, 94110",2,1,725000,2,1360,7867,http://mlax.rapmls.com/Gallery.aspx?mls=SFAR&listingRid=318920
227 Garfield St,"San Francisco, CA, 94132",2,1,725000,2,1360,7867,http://mlax.rapmls.com/Gallery.aspx?mls=SFAR&listingRid=318307
5800 3rd St,"San Francisco, CA, 94124",2,2,728000,2,1366,7899,http://mlax.rapmls.com/Gallery.aspx?mls=SFAR&listingRid=319845
5800 3rd St #1212,"San Francisco, CA, 94124",2,2,729000,2,1367,7910,http://mlax.rapmls.com/Gallery.aspx?mls=SFAR&listingRid=322800
116 Caine Ave,"San Francisco, CA, 94112",2,1,748000,2,1403,8116,http://mlax.rapmls.com/Gallery.aspx?mls=SFAR&listingRid=320041
194 Gaven St,"San Francisco, CA, 94134",2,1,748000,2,1403,8116,http://mlax.rapmls.com/Gallery.aspx?mls=SFAR&listingRid=318990
38 Grafton Ave,"San Francisco, CA, 94112",2,1,749000,2,1405,8127,http://mlax.rapmls.com/Gallery.aspx?mls=SFAR&listingRid=323535
5108 Diamond Heights #A,"San Francisco, CA, 94131",2,2,749000,2,1405,8127,http://mlax.rapmls.com/Gallery.aspx?mls=SFAR&listingRid=323848
2686 44th Ave,"San Francisco, CA, 94116",2,1,749000,2,1405,8127,http://mlax.rapmls.com/Gallery.aspx?mls=SFAR&listingRid=320709
2017 Grant Ave #1,"San Francisco, CA, 94133",2,1,749000,2,1405,8127,TBD
419 Lakeview Ave,"San Francisco, CA, 94112",2,1,749000,2,1405,8127,http://mlax.rapmls.com/Gallery.aspx?mls=SFAR&listingRid=319236 
307 Page St #1,"San Francisco, CA, 94102",2,1,749000,2,1405,8127,http://mlax.rapmls.com/Gallery.aspx?mls=SFAR&listingRid=318919
10 Harris Pl,"San Francisco, CA, 94123",2,1,750000,2,1407,8138,http://mlax.rapmls.com/Gallery.aspx?mls=SFAR&listingRid=323805
536 27th St #2,"San Francisco, CA, 94131",2,1,769000,2,1443,8344,http://mlax.rapmls.com/Gallery.aspx?mls=SFAR&listingRid=323315
1490 45th Ave,"San Francisco, CA, 94122",2,1,769000,2,1443,8344,http://mlax.rapmls.com/Gallery.aspx?mls=SFAR&listingRid=321839
32 Perego Ter,"San Francisco, CA, 94131",2,2,775000,2,1454,8409,http://mlax.rapmls.com/Gallery.aspx?mls=SFAR&listingRid=322462
1405 34th Ave,"San Francisco, CA, 94122",2,1,775000,2,1454,8409,http://mlax.rapmls.com/Gallery.aspx?mls=SFAR&listingRid=322641
902 Corbett Ave #4,"San Francisco, CA, 94131",2,1,779000,2,1461,8453,http://mlax.rapmls.com/Gallery.aspx?mls=SFAR&listingRid=321441
300 Baltimore Way,"San Francisco, CA, 94112",2,1,780000,2,1463,8464,http://mlax.rapmls.com/Gallery.aspx?mls=SFAR&listingRid=323442
2685 Pine,"San Francisco, CA, 94115",2,1,785000,2,1473,8518,http://mlax.rapmls.com/Gallery.aspx?mls=SFAR&listingRid=320657
75 Dichiera Ct,"San Francisco, CA, 94112",2,1,795000,2,1491,8626,http://mlax.rapmls.com/Gallery.aspx?mls=SFAR&listingRid=322558
182 Galewood Cir,"San Francisco, CA, 94131",2,2.5,795000,2,1491,8626,http://mlax.rapmls.com/Gallery.aspx?mls=SFAR&listingRid=318797
287 Monterey Blvd,"San Francisco, CA, 94131",2,1,798000,2,1497,8659,http://mlax.rapmls.com/Gallery.aspx?mls=SFAR&listingRid=319363
3319 Lawton St,"San Francisco, CA, 94122",2,2,799000,2,1499,8670,http://mlax.rapmls.com/Gallery.aspx?mls=SFAR&listingRid=323988
717 Rolph St,"San Francisco, CA, 94112",2,1,799000,2,1499,8670,http://mlax.rapmls.com/Gallery.aspx?mls=SFAR&listingRid=323792
1415 Eddy St,"San Francisco, CA, 94115",2,1,799000,2,1499,8670,http://mlax.rapmls.com/Gallery.aspx?mls=SFAR&listingRid=323158
254 Pope St,"San Francisco, CA, 94112",2,1,799000,2,1499,8670,http://mlax.rapmls.com/Gallery.aspx?mls=SFAR&listingRid=320534
610 26th Ave,"San Francisco, CA, 94121",2,1,799000,2,1499,8670,http://mlax.rapmls.com/Gallery.aspx?mls=SFAR&listingRid=320825
1080 Sutter St #503,"San Francisco, CA, 94109",2,1,799000,2,1499,8670,http://mlax.rapmls.com/Gallery.aspx?mls=SFAR&listingRid=320960
880 Silver Ave,"San Francisco, CA, 94134",2,1,799000,2,1499,8670,http://mlax.rapmls.com/Gallery.aspx?mls=SFAR&listingRid=321134
101-101 Cleo Rand,"San Francisco, CA, 94124",2,2.5,799000,2,1499,8670,http://mlax.rapmls.com/Gallery.aspx?mls=SFAR&listingRid=321209
155 Harriet St #9,"San Francisco, CA, 94103",2,2,799000,2,1499,8670,http://mlax.rapmls.com/Gallery.aspx?mls=SFAR&listingRid=321304
555 Athens St,"San Francisco, CA, 94112",2,1.25,799000,2,1499,8670,http://mlax.rapmls.com/Gallery.aspx?mls=SFAR&listingRid=320595
875 Vermont St #203,"San Francisco, CA, 94107",2,1,799000,2,1499,8670,http://mlax.rapmls.com/Gallery.aspx?mls=SFAR&listingRid=321924
1462 Newcomb Ave,"San Francisco, CA, 94124",2,2,799000,2,1499,8670,http://mlax.rapmls.com/Gallery.aspx?mls=SFAR&listingRid=321956
1929 48th Ave,"San Francisco, CA, 94116",2,1,799000,2,1499,8670,http://mlax.rapmls.com/Gallery.aspx?mls=SFAR&listingRid=322107
351 Niagara,"San Francisco, CA, 94112",2,1,799000,2,1499,8670,http://mlax.rapmls.com/Gallery.aspx?mls=SFAR&listingRid=322307
563 Munich St,"San Francisco, CA, 94112",2,1,799000,2,1499,8670,http://mlax.rapmls.com/Gallery.aspx?mls=SFAR&listingRid=322463
122 Venus St,"San Francisco, CA, 94124",2,2,799000,2,1499,8670,http://mlax.rapmls.com/Gallery.aspx?mls=SFAR&listingRid=322582
834 Arkansas St #3,"San Francisco, CA, 94107",2,1,799000,2,1499,8670,http://mlax.rapmls.com/Gallery.aspx?mls=SFAR&listingRid=322589
1018 Hollister Ave,"San Francisco, CA, 94124",2,2,799000,2,1499,8670,http://mlax.rapmls.com/Gallery.aspx?mls=SFAR&listingRid=319809
4378 17th St #A,"San Francisco, CA, 94114",2,2,799000,2,1499,8670,http://mlax.rapmls.com/Gallery.aspx?mls=SFAR&listingRid=319825
262 Frederick St #1,"San Francisco, CA, 94117",2,1,799000,2,1499,8670,http://mlax.rapmls.com/Gallery.aspx?mls=SFAR&listingRid=322623
2262 42nd Ave,"San Francisco, CA, 94116",2,1,799000,2,1499,8670,http://mlax.rapmls.com/Gallery.aspx?mls=SFAR&listingRid=319573
2444 15th St,"San Francisco, CA, 94114",2,1,799000,2,1499,8670,http://mlax.rapmls.com/Gallery.aspx?mls=SFAR&listingRid=319163
2212-A 23rd St,"San Francisco, CA, 94107",2,1,799000,2,1499,8670,http://mlax.rapmls.com/Gallery.aspx?mls=SFAR&listingRid=322695
1587 15th St #201,"San Francisco, CA, 94103",2,1,799000,2,1499,8670,http://mlax.rapmls.com/Gallery.aspx?mls=SFAR&listingRid=319230
312 Bowdoin St,"San Francisco, CA, 94134",2,1,799000,2,1499,8670,http://mlax.rapmls.com/Gallery.aspx?mls=SFAR&listingRid=322703
2401 44th Ave #5,"San Francisco, CA, 94116",2,2,799000,2,1499,8670,http://mlax.rapmls.com/Gallery.aspx?mls=SFAR&listingRid=322812
422 Bright St,"San Francisco, CA, 94132",2,2,799000,2,1499,8670,http://mlax.rapmls.com/Gallery.aspx?mls=SFAR&listingRid=319592
350 Ralston St,"San Francisco, CA, 94132",2,1,799000,2,1499,8670,http://mlax.rapmls.com/Gallery.aspx?mls=SFAR&listingRid=318780
195 Maynard St,"San Francisco, CA, 94112",2,1,799000,2,1499,8670,http://mlax.rapmls.com/Gallery.aspx?mls=SFAR&listingRid=318905
1 Putnam St,"San Francisco, CA, 94110",2,1,799000,2,1499,8670,http://mlax.rapmls.com/Gallery.aspx?mls=SFAR&listingRid=318230
6 Mint Plz #703A,"San Francisco, CA, 94103",2,1,799000,2,1499,8670,http://mlax.rapmls.com/Gallery.aspx?mls=SFAR&listingRid=318184
250 Circular Ave,"San Francisco, CA, 94131",2,1,799800,2,1500,8678,http://mlax.rapmls.com/Gallery.aspx?mls=SFAR&listingRid=321900
990 Randolph St,"San Francisco, CA, 94132",2,1,799500,2,1500,8675,http://mlax.rapmls.com/Gallery.aspx?mls=SFAR&listingRid=322126
3270 Market St,"San Francisco, CA, 94114",2,2,808000,2,1516,8767,http://mlax.rapmls.com/Gallery.aspx?mls=SFAR&listingRid=318240
97 Lapham Way,"San Francisco, CA, 94112",2,1,815000,2,1529,8843,http://mlax.rapmls.com/Gallery.aspx?mls=SFAR&listingRid=323891
2226 Ortega St,"San Francisco, CA, 94122",2,1.75,819000,2,1536,8887,http://mlax.rapmls.com/Gallery.aspx?mls=SFAR&listingRid=319822
75 Roosevelt Way #2,"San Francisco, CA, 94114",2,2,825000,2,1548,8952,http://mlax.rapmls.com/Gallery.aspx?mls=SFAR&listingRid=321704
3030 Anza St,"San Francisco, CA, 94121",2,1,829000,2,1555,8995,http://mlax.rapmls.com/Gallery.aspx?mls=SFAR&listingRid=323435
1500 25th Ave,"San Francisco, CA, 94122",2,1.5,829000,2,1555,8995,http://mlax.rapmls.com/Gallery.aspx?mls=SFAR&listingRid=320273
900 Bush #1008,"San Francisco, CA, 94109",2,2,829000,2,1555,8995,http://mlax.rapmls.com/Gallery.aspx?mls=SFAR&listingRid=321517
781 Athens St,"San Francisco, CA, 94112",2,2,829988,2,1557,9006,http://mlax.rapmls.com/Gallery.aspx?mls=SFAR&listingRid=318458
76 Mangels Ave,"San Francisco, CA, 94131",2,1,845000,2,1585,9169,http://mlax.rapmls.com/Gallery.aspx?mls=SFAR&listingRid=322473
8 Montezuma St,"San Francisco, CA, 94110",2,1,849000,2,1593,9212,http://mlax.rapmls.com/Gallery.aspx?mls=SFAR&listingRid=323881
1036 Potrero Ave #6,"San Francisco, CA, 94110",2,2,849000,2,1593,9212,http://mlax.rapmls.com/Gallery.aspx?mls=SFAR&listingRid=320739
2075 Bancroft Ave,"San Francisco, CA, 94124",2,1,849000,2,1593,9212,http://mlax.rapmls.com/Gallery.aspx?mls=SFAR&listingRid=320957
64 Sussex St,"San Francisco, CA, 94131",2,1,849000,2,1593,9212,http://mlax.rapmls.com/Gallery.aspx?mls=SFAR&listingRid=321028
53 Edinburgh St,"San Francisco, CA, 94112",2,1,849000,2,1593,9212,http://mlax.rapmls.com/Gallery.aspx?mls=SFAR&listingRid=321765
90 Aquavista Way,"San Francisco, CA, 94112",2,1,849000,2,1593,9212,http://mlax.rapmls.com/Gallery.aspx?mls=SFAR&listingRid=319472
2786 39th Ave,"San Francisco, CA, 94116",2,1.5,849000,2,1593,9212,http://mlax.rapmls.com/Gallery.aspx?mls=SFAR&listingRid=319824
456 Princeton St,"San Francisco, CA, 94134",2,1,849000,2,1593,9212,http://mlax.rapmls.com/Gallery.aspx?mls=SFAR&listingRid=318625
1153 Leavenworth St,"San Francisco, CA, 94109",2,1,849000,2,1593,9212,http://mlax.rapmls.com/Gallery.aspx?mls=SFAR&listingRid=318903
720 Gough #41,"San Francisco, CA, 94102",2,2,850000,2,1594,9223,http://mlax.rapmls.com/Gallery.aspx?mls=SFAR&listingRid=323809
240 Sussex St,"San Francisco, CA, 94131",2,1,850000,2,1594,9223,http://mlax.rapmls.com/Gallery.aspx?mls=SFAR&listingRid=321041
76 Bronte St,"San Francisco, CA, 94110",2,1,849999,2,1594,9223,http://mlax.rapmls.com/Gallery.aspx?mls=SFAR&listingRid=318818
24 Lawrence Ave,"San Francisco, CA, 94112",2,1,850000,2,1594,9223,http://mlax.rapmls.com/Gallery.aspx?mls=SFAR&listingRid=319943
1734 Bay St #106,"San Francisco, CA, 94123",2,1,850000,2,1594,9223,http://mlax.rapmls.com/Gallery.aspx?mls=SFAR&listingRid=318853
1201-1203 45th Ave #1203,"San Francisco, CA, 94122",2,1,850000,2,1594,9223,http://mlax.rapmls.com/Gallery.aspx?mls=SFAR&listingRid=319087
1273 Rhode Island St,"San Francisco, CA, 94107",2,2,859000,2,1611,9321,http://mlax.rapmls.com/Gallery.aspx?mls=SFAR&listingRid=320796
674 Joost Ave,"San Francisco, CA, 94127",2,1,859000,2,1611,9321,http://mlax.rapmls.com/Gallery.aspx?mls=SFAR&listingRid=318986
563 Minna St #1,"San Francisco, CA, 94103",2,2,900000,2,1611,9266,http://mlax.rapmls.com/Gallery.aspx?mls=SFAR&listingRid=317159
276 Friedell,"San Francisco, CA, 94124",2,2,865000,2,1623,9386,http://mlax.rapmls.com/Gallery.aspx?mls=SFAR&listingRid=323295
89 Westwood Dr,"San Francisco, CA, 94112",2,1,875000,2,1641,9494,http://mlax.rapmls.com/Gallery.aspx?mls=SFAR&listingRid=321192
620 Prentiss St,"San Francisco, CA, 94110",2,1,879000,2,1649,9538,http://mlax.rapmls.com/Gallery.aspx?mls=SFAR&listingRid=321619
4161 23rd St,"San Francisco, CA, 94114",2,1,879000,2,1649,9538,http://mlax.rapmls.com/Gallery.aspx?mls=SFAR&listingRid=319924
1338 48th Ave,"San Francisco, CA, 94122",2,2,879000,2,1649,9538,http://mlax.rapmls.com/Gallery.aspx?mls=SFAR&listingRid=318759
180 7th St #301,"San Francisco, CA, 94103",2,2,879000,2,1649,9538,http://mlax.rapmls.com/Gallery.aspx?mls=SFAR&listingRid=318792
539 Los Palmos Dr,"San Francisco, CA, 94127",2,1,879000,2,1649,9538,http://mlax.rapmls.com/Gallery.aspx?mls=SFAR&listingRid=319093
112 Russ St,"San Francisco, CA, 94103",2,2,885000,2,1660,9603,http://mlax.rapmls.com/Gallery.aspx?mls=SFAR&listingRid=321899
236 Shipley St #304,"San Francisco, CA, 94107",2,2,885000,2,1660,9603,http://mlax.rapmls.com/Gallery.aspx?mls=SFAR&listingRid=318598
946 Stockton St #6B,"San Francisco, CA, 94108",2,1.5,888000,2,1666,9635,http://mlax.rapmls.com/Gallery.aspx?mls=SFAR&listingRid=321417
70 Tingley St,"San Francisco, CA, 94112",2,1,888000,2,1666,9635,http://mlax.rapmls.com/Gallery.aspx?mls=SFAR&listingRid=322353
1711 19th Ave,"San Francisco, CA, 94122",2,2,888000,2,1666,9635,http://mlax.rapmls.com/Gallery.aspx?mls=SFAR&listingRid=322363
616 20th St #510,"San Francisco, CA, 94107",2,1,888000,2,1666,9635,http://mlax.rapmls.com/Gallery.aspx?mls=SFAR&listingRid=322472
601 Van Ness Ave #8,"San Francisco, CA, 94102",2,2,895000,2,1679,9711,http://mlax.rapmls.com/Gallery.aspx?mls=SFAR&listingRid=323318
218 Justin Dr,"San Francisco, CA, 94112",2,1,895000,2,1679,9711,http://mlax.rapmls.com/Gallery.aspx?mls=SFAR&listingRid=320670
148 Cuvier St,"San Francisco, CA, 94112",2,1,895000,2,1679,9711,http://mlax.rapmls.com/Gallery.aspx?mls=SFAR&listingRid=320727
1 Crescent Way #1109,"San Francisco, CA, 94134",2,2,895000,2,1679,9711,http://mlax.rapmls.com/Gallery.aspx?mls=SFAR&listingRid=322280
2259 44th Ave,"San Francisco, CA, 94116",2,2,895000,2,1679,9711,http://mlax.rapmls.com/Gallery.aspx?mls=SFAR&listingRid=322661
1846 38th Ave,"San Francisco, CA, 94122",2,1,898000,2,1685,9744,http://mlax.rapmls.com/Gallery.aspx?mls=SFAR&listingRid=323135
945 Capp St #4,"San Francisco, CA, 94110",2,1,898000,2,1685,9744,http://mlax.rapmls.com/Gallery.aspx?mls=SFAR&listingRid=322682
1463 40th Ave,"San Francisco, CA, 94122",2,1,899000,2,1686,9755,http://mlax.rapmls.com/Gallery.aspx?mls=SFAR&listingRid=323562
15 Sunview Dr,"San Francisco, CA, 94131",2,1,899000,2,1686,9755,http://mlax.rapmls.com/Gallery.aspx?mls=SFAR&listingRid=323852
3839 Folsom St,"San Francisco, CA, 94110",2,1,899000,2,1686,9755,http://mlax.rapmls.com/Gallery.aspx?mls=SFAR&listingRid=323449
155 Lexington St,"San Francisco, CA, 94110",2,1,899000,2,1686,9755,http://mlax.rapmls.com/Gallery.aspx?mls=SFAR&listingRid=323392
1655 48th Ave,"San Francisco, CA, 94122",2,1,899000,2,1686,9755,http://mlax.rapmls.com/Gallery.aspx?mls=SFAR&listingRid=320690
375 Prentiss St,"San Francisco, CA, 94110",2,1,899000,2,1686,9755,http://mlax.rapmls.com/Gallery.aspx?mls=SFAR&listingRid=320725
2628 Sutter St #A,"San Francisco, CA, 94115",2,2,899000,2,1686,9755,http://mlax.rapmls.com/Gallery.aspx?mls=SFAR&listingRid=321525
145 Gardenside Dr #9,"San Francisco, CA, 94131",2,1.5,899000,2,1686,9755,http://mlax.rapmls.com/Gallery.aspx?mls=SFAR&listingRid=322052
920 Baker St #A,"San Francisco, CA, 94118",2,1,899000,2,1686,9755,http://mlax.rapmls.com/Gallery.aspx?mls=SFAR&listingRid=322113
1463 19th Ave,"San Francisco, CA, 94122",2,1,899000,2,1686,9755,http://mlax.rapmls.com/Gallery.aspx?mls=SFAR&listingRid=322151
3184 Mission St #304,"San Francisco, CA, 94110",2,2,899000,2,1686,9755,http://mlax.rapmls.com/Gallery.aspx?mls=SFAR&listingRid=320137
1425 43rd Ave,"San Francisco, CA, 94122",2,2,899000,2,1686,9755,http://mlax.rapmls.com/Gallery.aspx?mls=SFAR&listingRid=320127
430 Hayes #201,"San Francisco, CA, 94102",2,1,899000,2,1686,9755,http://mlax.rapmls.com/Gallery.aspx?mls=SFAR&listingRid=319875
1835 Franklin St #602,"San Francisco, CA, 94109",2,2,899000,2,1686,9755,http://mlax.rapmls.com/Gallery.aspx?mls=SFAR&listingRid=319810
26 Staples Ave,"San Francisco, CA, 94131",2,1,899000,2,1686,9755,http://mlax.rapmls.com/Gallery.aspx?mls=SFAR&listingRid=322691
789 Buena Vista Ave #202,"San Francisco, CA, 94117",2,1,899000,2,1686,9755,http://mlax.rapmls.com/Gallery.aspx?mls=SFAR&listingRid=319670
2512 23rd Ave,"San Francisco, CA, 94116",2,1,899000,2,1686,9755,http://mlax.rapmls.com/Gallery.aspx?mls=SFAR&listingRid=318626
388 Fulton St #205,"San Francisco, CA, 94102",2,1,899000,2,1686,9755,http://mlax.rapmls.com/Gallery.aspx?mls=SFAR&listingRid=318945
921-A Florida St,"San Francisco, CA, 94110",2,1,899000,2,1686,9755,http://mlax.rapmls.com/Gallery.aspx?mls=SFAR&listingRid=318443
319 Naples St,"San Francisco, CA, 94112",2,1,899000,2,1686,9755,http://mlax.rapmls.com/Gallery.aspx?mls=SFAR&listingRid=318115
1119 Cayuga Ave,"San Francisco, CA, 94112",2,2,899000,2,1686,9755,http://mlax.rapmls.com/Gallery.aspx?mls=SFAR&listingRid=318289
140 South Van Ness Ave #1022,"San Francisco, CA, 94103",2,2,899000,2,1686,9755,http://mlax.rapmls.com/Gallery.aspx?mls=SFAR&listingRid=319047
1200 Gough St #7A,"San Francisco, CA, 94109",2,2,900000,2,1688,9766,http://mlax.rapmls.com/Gallery.aspx?mls=SFAR&listingRid=320908
166 Park St,"San Francisco, CA, 94110",2,1,900000,2,1688,9766,http://mlax.rapmls.com/Gallery.aspx?mls=SFAR&listingRid=319726
3133 Taraval St,"San Francisco, CA, 94116",2,1,900000,2,1688,9766,http://mlax.rapmls.com/Gallery.aspx?mls=SFAR&listingRid=319683
317 29th St #303,"San Francisco, CA, 94131",2,2,948000,2,1697,9670,http://mlax.rapmls.com/Gallery.aspx?mls=SFAR&listingRid=317792
236 Shipley St #202,"San Francisco, CA, 94107",2,2,915000,2,1716,9928,http://mlax.rapmls.com/Gallery.aspx?mls=SFAR&listingRid=321024
601 Van Ness Ave #105,"San Francisco, CA, 94102",2,2,925000,2,1735,10037,http://mlax.rapmls.com/Gallery.aspx?mls=SFAR&listingRid=320842
972 Plymouth Ave,"San Francisco, CA, 94112",2,2,929000,2,1743,10080,http://mlax.rapmls.com/Gallery.aspx?mls=SFAR&listingRid=319201
1539 24th Ave,"San Francisco, CA, 94122",2,1,929000,2,1743,10080,http://mlax.rapmls.com/Gallery.aspx?mls=SFAR&listingRid=318866
260 King St #671,"San Francisco, CA, 94107",2,2,930000,2,1745,10091,http://mlax.rapmls.com/Gallery.aspx?mls=SFAR&listingRid=318532
1299 Bush St #403,"San Francisco, CA, 94109",2,2,979000,2,1753,10080,http://mlax.rapmls.com/Gallery.aspx?mls=SFAR&listingRid=317765
431 Gates St,"San Francisco, CA, 94110",2,1,935000,2,1754,10145,http://mlax.rapmls.com/Gallery.aspx?mls=SFAR&listingRid=319531
98 Mullen Ave,"San Francisco, CA, 94110",2,1,935000,2,1754,10145,http://mlax.rapmls.com/Gallery.aspx?mls=SFAR&listingRid=318566
155 Gardenside Dr #35,"San Francisco, CA, 94131",2,2.5,939000,2,1761,10189,http://mlax.rapmls.com/Gallery.aspx?mls=SFAR&listingRid=319833
1708 Fulton St,"San Francisco, CA, 94117",2,1,939000,2,1761,10189,http://mlax.rapmls.com/Gallery.aspx?mls=SFAR&listingRid=318403
1651 24th Ave,"San Francisco, CA, 94122",2,1,940000,2,1763,10200,http://mlax.rapmls.com/Gallery.aspx?mls=SFAR&listingRid=318311
350 Broderick St #304,"San Francisco, CA, 94117",2,2,990000,2,1772,10193,http://mlax.rapmls.com/Gallery.aspx?mls=SFAR&listingRid=317693
388 Fulton St #302,"San Francisco, CA, 94102",2,1,948000,2,1778,10287,http://mlax.rapmls.com/Gallery.aspx?mls=SFAR&listingRid=320498
53 Stillings Ave,"San Francisco, CA, 94131",2,1,948000,2,1778,10287,http://mlax.rapmls.com/Gallery.aspx?mls=SFAR&listingRid=320156
308 Sanchez St,"San Francisco, CA, 94114",2,1,949000,2,1780,10297,http://mlax.rapmls.com/Gallery.aspx?mls=SFAR&listingRid=323638
140 South Van Ness Ave #840,"San Francisco, CA, 94103",2,2,949000,2,1780,10297,http://mlax.rapmls.com/Gallery.aspx?mls=SFAR&listingRid=320806
1158 Sutter St #10,"San Francisco, CA, 94109",2,2,949000,2,1780,10297,http://mlax.rapmls.com/Gallery.aspx?mls=SFAR&listingRid=321275
273 Chattanooga St,"San Francisco, CA, 94114",2,1,949000,2,1780,10297,http://mlax.rapmls.com/Gallery.aspx?mls=SFAR&listingRid=319519
441 Myra Way,"San Francisco, CA, 94127",2,1,949000,2,1780,10297,http://mlax.rapmls.com/Gallery.aspx?mls=SFAR&listingRid=319883
148 Cole St,"San Francisco, CA, 94117",2,1,949000,2,1780,10297,http://mlax.rapmls.com/Gallery.aspx?mls=SFAR&listingRid=319120
829 Balboa St,"San Francisco, CA, 94118",2,1,949000,2,1780,10297,http://mlax.rapmls.com/Gallery.aspx?mls=SFAR&listingRid=318324
191 Sussex St,"San Francisco, CA, 94131",2,1,949000,2,1780,10297,http://mlax.rapmls.com/Gallery.aspx?mls=SFAR&listingRid=319025
1680 Lombard St ##2,"San Francisco, CA, 94123",2,1,949500,2,1781,10303,http://mlax.rapmls.com/Gallery.aspx?mls=SFAR&listingRid=318487
1063 Capitol Ave #29,"San Francisco, CA, 94112",2,2,950000,2,1782,10308,http://mlax.rapmls.com/Gallery.aspx?mls=SFAR&listingRid=321524
1587 15th St #401,"San Francisco, CA, 94103",2,1,950000,2,1782,10308,http://mlax.rapmls.com/Gallery.aspx?mls=SFAR&listingRid=321912
1595 Thomas St,"San Francisco, CA, 94124",2,1,950000,2,1782,10308,http://mlax.rapmls.com/Gallery.aspx?mls=SFAR&listingRid=319831
1725 Noe St,"San Francisco, CA, 94131",2,1,950000,2,1782,10308,http://mlax.rapmls.com/Gallery.aspx?mls=SFAR&listingRid=322664
2350 25th Ave,"San Francisco, CA, 94116",2,1,950000,2,1782,10308,http://mlax.rapmls.com/Gallery.aspx?mls=SFAR&listingRid=318882
267 Ulloa St,"San Francisco, CA, 94127",2,1,950000,2,1782,10308,http://mlax.rapmls.com/Gallery.aspx?mls=SFAR&listingRid=319063
140 South Van Ness Ave #522,"San Francisco, CA, 94103",2,2,959000,2,1799,10406,http://mlax.rapmls.com/Gallery.aspx?mls=SFAR&listingRid=320279
1700 Lawton St,"San Francisco, CA, 94122",2,1.5,959000,2,1799,10406,http://mlax.rapmls.com/Gallery.aspx?mls=SFAR&listingRid=319331
388 Fulton St #413,"San Francisco, CA, 94102",2,1,968000,2,1816,10504,http://mlax.rapmls.com/Gallery.aspx?mls=SFAR&listingRid=319493
200 Portola Dr #102,"San Francisco, CA, 94131",2,2,969000,2,1818,10514,http://mlax.rapmls.com/Gallery.aspx?mls=SFAR&listingRid=321535
388 Fulton St #511,"San Francisco, CA, 94102",2,1,974000,2,1827,10569,http://mlax.rapmls.com/Gallery.aspx?mls=SFAR&listingRid=319495
792 19th Ave,"San Francisco, CA, 94121",2,1,975000,2,1829,10580,http://mlax.rapmls.com/Gallery.aspx?mls=SFAR&listingRid=321762
463 Huron Ave,"San Francisco, CA, 94112",2,1,975000,2,1829,10580,http://mlax.rapmls.com/Gallery.aspx?mls=SFAR&listingRid=322808
205 Mullen Ave,"San Francisco, CA, 94110",2,3,975000,2,1829,10580,http://mlax.rapmls.com/Gallery.aspx?mls=SFAR&listingRid=318878
23-25 Brompton Ave,"San Francisco, CA, 94131",2,1,975500,2,1830,10585,http://mlax.rapmls.com/Gallery.aspx?mls=SFAR&listingRid=319386
350 Broderick St #208,"San Francisco, CA, 94117",2,2,980000,2,1838,10634,http://mlax.rapmls.com/Gallery.aspx?mls=SFAR&listingRid=318809
236 Shipley St #402,"San Francisco, CA, 94107",2,2,985000,2,1848,10688,http://mlax.rapmls.com/Gallery.aspx?mls=SFAR&listingRid=318607
558 28th Ave #202,"San Francisco, CA, 94121",2,2,989000,2,1855,10731,http://mlax.rapmls.com/Gallery.aspx?mls=SFAR&listingRid=321100
1679 Church St,"San Francisco, CA, 94114",2,1.5,989000,2,1855,10731,http://mlax.rapmls.com/Gallery.aspx?mls=SFAR&listingRid=321876
246 Missouri St,"San Francisco, CA, 94107",2,2,995000,2,1866,10797,http://mlax.rapmls.com/Gallery.aspx?mls=SFAR&listingRid=323674
531 Hill St,"San Francisco, CA, 94114",2,1,995000,2,1866,10797,http://mlax.rapmls.com/Gallery.aspx?mls=SFAR&listingRid=323718
1474 34th Ave,"San Francisco, CA, 94122",2,1,995000,2,1866,10797,http://mlax.rapmls.com/Gallery.aspx?mls=SFAR&listingRid=323701
4350 17th St,"San Francisco, CA, 94114",2,1.5,995000,2,1866,10797,http://mlax.rapmls.com/Gallery.aspx?mls=SFAR&listingRid=323391
166 Molimo Dr,"San Francisco, CA, 94127",2,1,995000,2,1866,10797,http://mlax.rapmls.com/Gallery.aspx?mls=SFAR&listingRid=323309
2202 Golden Gate Ave,"San Francisco, CA, 94118",2,1.5,995000,2,1866,10797,http://mlax.rapmls.com/Gallery.aspx?mls=SFAR&listingRid=323866
199 Tiffany Ave #203,"San Francisco, CA, 94110",2,2,995000,2,1866,10797,http://mlax.rapmls.com/Gallery.aspx?mls=SFAR&listingRid=320620
3026 Laguna St,"San Francisco, CA, 94123",2,1,995000,2,1866,10797,http://mlax.rapmls.com/Gallery.aspx?mls=SFAR&listingRid=321025
1566 Fell St,"San Francisco, CA, 94117",2,1.5,995000,2,1866,10797,http://mlax.rapmls.com/Gallery.aspx?mls=SFAR&listingRid=319509
2407 Harrison St #19,"San Francisco, CA, 94110",2,3,995000,2,1866,10797,http://mlax.rapmls.com/Gallery.aspx?mls=SFAR&listingRid=320150
151 Alice B. Toklas Pl #402,"San Francisco, CA, 94109",2,2,995000,2,1866,10797,http://mlax.rapmls.com/Gallery.aspx?mls=SFAR&listingRid=319191